,DHSCC,country,region,vaccination rate,unadjusted CI,adjusted CI
1,AF,Afghanistan,Nimroz,0.56,0.08,0.19
2,AF,Afghanistan,Kandahar,0.15,0.45,0.53
3,AF,Afghanistan,Zabul,0.18,0.13,0.15
4,AF,Afghanistan,Urozgan,0.02,0.23,0.24
5,AF,Afghanistan,Paktika,0.62,0.01,0.02
6,AF,Afghanistan,Farah,0.25,0.37,0.49
7,AF,Afghanistan,Helmand,0.17,0.00,0.00
8,AF,Afghanistan,Khost,0.29,0.04,0.05
9,AF,Afghanistan,Paktya,0.22,0.09,0.11
10,AF,Afghanistan,Ghazni,0.33,-0.10,-0.14
11,AF,Afghanistan,Daykundi,0.33,-0.06,-0.08
12,AF,Afghanistan,Logar,0.39,0.08,0.13
13,AF,Afghanistan,Wardak,0.65,0.16,0.45
14,AF,Afghanistan,Nangarhar,0.63,0.09,0.24
15,AF,Afghanistan,Kabul,0.52,0.04,0.08
16,AF,Afghanistan,Kapisa,0.61,0.06,0.16
17,AF,Afghanistan,Laghman,0.62,0.03,0.08
18,AF,Afghanistan,Ghor,0.26,0.08,0.11
19,AF,Afghanistan,Parwan,0.62,0.03,0.08
20,AF,Afghanistan,Bamyan,0.65,0.03,0.10
21,AF,Afghanistan,Kunarha,0.34,0.04,0.07
22,AF,Afghanistan,Herat,0.51,0.15,0.30
23,AF,Afghanistan,Panjsher,0.50,0.09,0.18
24,AF,Afghanistan,Badghis,0.56,0.04,0.09
25,AF,Afghanistan,Nooristan,0.00,0.23,0.24
26,AF,Afghanistan,Sar-E-Pul,0.36,0.13,0.20
27,AF,Afghanistan,Baghlan,0.39,0.11,0.17
28,AF,Afghanistan,Samangan,0.20,0.22,0.28
29,AF,Afghanistan,Faryab,0.59,0.06,0.15
30,AF,Afghanistan,Kunduz,0.36,0.08,0.13
31,AF,Afghanistan,Balkh,0.34,0.26,0.39
32,AF,Afghanistan,Jawzjan,0.32,0.08,0.12
33,AF,Afghanistan,Takhar,0.50,-0.07,-0.14
34,AF,Afghanistan,Badakhshan,0.66,-0.02,-0.05
35,AL,Albania,Berat,0.94,0.02,0.30
36,AL,Albania,Dibër,0.85,-0.03,-0.20
37,AL,Albania,Durrës,0.91,0.04,0.41
38,AL,Albania,Elbasan,0.83,-0.02,-0.13
39,AL,Albania,Fier,0.92,0.03,0.44
40,AL,Albania,Gjirokastër,0.90,0.05,0.48
41,AL,Albania,Korçë,1.00,0.00,0.00
42,AL,Albania,Kukes,0.90,-0.02,-0.18
43,AL,Albania,Lezhë,0.85,-0.05,-0.35
44,AL,Albania,Shkodër,0.98,NA,NA
45,AL,Albania,Tirana,0.84,-0.07,-0.43
46,AL,Albania,Vlorë,0.92,-0.03,-0.41
47,AO,Angola,Bié,0.11,0.49,0.55
48,AO,Angola,Cunene,0.40,-0.01,-0.02
49,AO,Angola,Huambo,0.27,0.19,0.26
50,AO,Angola,Huíla,0.21,0.41,0.52
51,AO,Angola,Cuando Cubango,0.05,0.40,0.42
52,AO,Angola,Cuanza Norte,0.23,0.16,0.20
53,AO,Angola,Cuanza Sul,0.20,0.26,0.32
54,AO,Angola,Luanda,0.44,0.18,0.31
55,AO,Angola,Lunda Norte,0.20,0.31,0.39
56,AO,Angola,Lunda Sul,0.20,0.23,0.29
57,AO,Angola,Moxico,0.08,0.41,0.45
58,AO,Angola,Namibe,0.26,0.24,0.33
59,AO,Angola,Uíge,0.14,0.32,0.37
60,AO,Angola,Zaire,0.38,0.03,0.04
61,AO,Angola,Bengo,0.19,0.28,0.34
62,AO,Angola,Malanje,0.33,0.19,0.28
63,AO,Angola,Cabinda,0.32,0.23,0.33
64,AO,Angola,Benguela,0.27,0.34,0.46
65,AM,Armenia,Aragatsotn,0.77,NA,NA
66,AM,Armenia,Yerevan,0.82,-0.05,-0.26
67,AM,Armenia,Ararat,0.88,-0.04,-0.36
68,AM,Armenia,Armavir,0.92,0.01,0.18
69,AM,Armenia,Gegharkunik,0.63,-0.02,-0.05
70,AM,Armenia,Lori,0.79,0.10,0.48
71,AM,Armenia,Kotayk,0.90,0.02,0.17
72,AM,Armenia,Shirak,0.94,0.00,-0.04
73,AM,Armenia,Syunik,0.76,-0.05,-0.20
74,AM,Armenia,Vayots Dzor,0.91,-0.03,-0.39
75,AM,Armenia,Tavush,0.86,0.01,0.06
76,BD,Bangladesh,Barisal,0.87,0.02,0.18
77,BD,Bangladesh,Chittagong,0.89,0.02,0.15
78,BD,Bangladesh,Khulna,0.92,0.02,0.24
79,BD,Bangladesh,Rajshahi,0.92,0.02,0.23
80,BD,Bangladesh,Rangpur,0.92,0.02,0.19
81,BD,Bangladesh,Sylhet,0.85,0.02,0.12
82,BD,Bangladesh,Mymensingh,0.86,0.00,-0.02
83,BD,Bangladesh,Dhaka,0.89,0.01,0.12
84,BJ,Benin,Alibori,0.43,0.14,0.24
85,BJ,Benin,Atacora,0.67,0.04,0.12
86,BJ,Benin,Atlantic,0.59,0.03,0.06
87,BJ,Benin,Borgou,0.39,0.22,0.36
88,BJ,Benin,Collines,0.66,0.05,0.15
89,BJ,Benin,Couffo,0.36,0.09,0.14
90,BJ,Benin,Donga,0.58,0.13,0.31
91,BJ,Benin,Littoral,0.65,0.05,0.13
92,BJ,Benin,Mono,0.70,0.00,0.00
93,BJ,Benin,Oueme,0.69,0.01,0.03
94,BJ,Benin,Plateau,0.36,-0.02,-0.03
95,BJ,Benin,Zou,0.68,-0.01,-0.03
96,BU,Burundi,Bubanza,0.79,-0.03,-0.13
97,BU,Burundi,Bujumbura Rural,0.84,0.03,0.20
98,BU,Burundi,Bujumbura Mairie,0.74,0.04,0.16
99,BU,Burundi,Bururi,0.87,0.01,0.08
100,BU,Burundi,Cankuzo,0.87,0.03,0.23
101,BU,Burundi,Cibitoke,0.65,0.00,-0.01
102,BU,Burundi,Gitega,0.88,0.02,0.17
103,BU,Burundi,Karusi,0.90,0.01,0.09
104,BU,Burundi,Kayanza,0.88,-0.03,-0.23
105,BU,Burundi,Kirundo,0.85,0.04,0.30
106,BU,Burundi,Makamba,0.93,0.02,0.23
107,BU,Burundi,Muramvya,0.89,-0.01,-0.05
108,BU,Burundi,Muyinga,0.91,0.00,-0.01
109,BU,Burundi,Mwaro,0.84,-0.03,-0.20
110,BU,Burundi,Ngozi,0.81,0.00,0.02
111,BU,Burundi,Rumonge,0.83,0.01,0.08
112,BU,Burundi,Rutana,0.91,0.00,0.01
113,BU,Burundi,Ruyigi,0.82,0.02,0.12
114,KH,Cambodia,Banteay Meanchey,0.92,0.01,0.17
115,KH,Cambodia,Battambang/Pailin,0.89,0.05,0.43
116,KH,Cambodia,Kampong Cham,0.68,0.08,0.24
117,KH,Cambodia,Kampong Chhnang,0.80,0.03,0.15
118,KH,Cambodia,Kampong Speu,0.76,0.08,0.33
119,KH,Cambodia,Kampong Thom,0.83,0.03,0.20
120,KH,Cambodia,Kampot/Kep,0.72,0.11,0.40
121,KH,Cambodia,Kandal,0.77,0.12,0.52
122,KH,Cambodia,Kratie,0.73,0.08,0.30
123,KH,Cambodia,Mondul Kiri/Ratanak Kiri,0.54,0.22,0.48
124,KH,Cambodia,Otdar Meanchey,0.79,0.01,0.06
125,KH,Cambodia,Phnom Penh,0.92,0.04,0.46
126,KH,Cambodia,Preah Sihanouk/Koh Kong,0.86,0.01,0.08
127,KH,Cambodia,Preah Vihear/Stung Treng,0.68,0.08,0.25
128,KH,Cambodia,Prey Veng,0.71,0.07,0.23
129,KH,Cambodia,Pursat,0.84,0.06,0.38
130,KH,Cambodia,Siem Reap,0.81,-0.01,-0.04
131,KH,Cambodia,Svay Rieng,0.81,0.01,0.04
132,KH,Cambodia,Takeo,0.88,0.01,0.05
133,CM,Cameroon,Adamawa,0.33,0.07,0.10
134,CM,Cameroon,Centre,0.63,0.02,0.05
135,CM,Cameroon,Douala,0.65,0.06,0.16
136,CM,Cameroon,East,0.57,0.14,0.34
137,CM,Cameroon,Far North,0.42,0.13,0.22
138,CM,Cameroon,Littoral,0.55,0.06,0.13
139,CM,Cameroon,North,0.34,0.06,0.09
140,CM,Cameroon,Northwest,0.65,0.09,0.26
141,CM,Cameroon,South,0.64,0.08,0.21
142,CM,Cameroon,Southwest,0.70,0.00,-0.01
143,CM,Cameroon,West,0.58,0.10,0.24
144,CM,Cameroon,Yaounde,0.58,0.07,0.16
145,TD,Chad,Batha,0.04,0.65,0.67
146,TD,Chad,Borkou/Tibesti,0.13,-0.03,-0.03
147,TD,Chad,Chari Baguirmi,0.04,0.13,0.14
148,TD,Chad,Guéra,0.19,0.29,0.35
149,TD,Chad,Hadjer-Lamis,0.23,0.16,0.20
150,TD,Chad,Kanem,0.13,0.00,0.00
151,TD,Chad,Lac,0.14,0.16,0.19
152,TD,Chad,Logone Occidental,0.28,0.09,0.12
153,TD,Chad,Logone Oriental,0.31,0.09,0.12
154,TD,Chad,Mandoul,0.54,0.02,0.05
155,TD,Chad,Mayo Kebbi Est,0.32,0.14,0.20
156,TD,Chad,Mayo Kebbi Ouest,0.54,0.02,0.03
157,TD,Chad,Moyen Chari,0.32,0.08,0.11
158,TD,Chad,Ouaddaï,0.06,0.30,0.32
159,TD,Chad,Salamat,0.12,0.12,0.14
160,TD,Chad,Tandjilé,0.33,-0.08,-0.12
161,TD,Chad,Wadi Fira,0.06,0.15,0.16
162,TD,Chad,N'djaména,0.31,0.07,0.09
163,TD,Chad,Barh El Gazal,0.14,0.42,0.48
164,TD,Chad,Ennedi Est/Ennedi Ouest,0.11,-0.15,-0.17
165,TD,Chad,Sila,0.11,0.25,0.28
166,EG,Egypt,Alexandria,0.38,-0.05,-0.07
167,EG,Egypt,Assuit,0.33,0.01,0.01
168,EG,Egypt,Aswan,0.63,0.03,0.08
169,EG,Egypt,Behera,0.43,0.04,0.08
170,EG,Egypt,Beni Suef,0.35,0.04,0.06
171,EG,Egypt,Cairo,0.49,-0.02,-0.04
172,EG,Egypt,Dakahlia,0.36,0.07,0.12
173,EG,Egypt,Damietta,0.47,0.00,0.01
174,EG,Egypt,Fayoum,0.26,0.08,0.11
175,EG,Egypt,Gharbia,0.45,0.00,0.01
176,EG,Egypt,Giza,0.51,-0.01,-0.03
177,EG,Egypt,Ismailia,0.39,0.16,0.26
178,EG,Egypt,Kafr El-Sheikh,0.48,-0.01,-0.01
179,EG,Egypt,Kalyubia,0.36,-0.09,-0.14
180,EG,Egypt,Luxor,0.54,-0.07,-0.15
181,EG,Egypt,Matroh,0.58,0.05,0.12
182,EG,Egypt,Menya,0.37,-0.01,-0.02
183,EG,Egypt,Menoufia,0.39,0.09,0.15
184,EG,Egypt,New Valley,0.49,-0.02,-0.04
185,EG,Egypt,North Sinai (Excluded),NA,NA,NA
186,EG,Egypt,Port Said,0.41,-0.11,-0.18
187,EG,Egypt,Qena,0.30,0.07,0.09
188,EG,Egypt,Red Sea,0.37,0.11,0.18
189,EG,Egypt,Sharkia,0.26,0.04,0.05
190,EG,Egypt,South Sinai (Excluded),NA,NA,NA
191,EG,Egypt,Suez,0.46,-0.02,-0.03
192,EG,Egypt,Souhag,0.38,0.08,0.13
193,ET,Ethiopia,Tigray,0.72,0.07,0.26
194,ET,Ethiopia,Afar,0.14,0.31,0.36
195,ET,Ethiopia,Amhara,0.61,0.18,0.45
196,ET,Ethiopia,Oromia,0.32,0.11,0.16
197,ET,Ethiopia,Somali,0.14,0.22,0.25
198,ET,Ethiopia,Benishangul-Gumuz,0.61,0.11,0.27
199,ET,Ethiopia,Snnpr,0.33,0.12,0.18
200,ET,Ethiopia,Gambela,0.46,0.29,0.53
201,ET,Ethiopia,Harari,0.35,0.38,0.59
202,ET,Ethiopia,Addis Ababa,0.84,0.00,-0.01
203,ET,Ethiopia,Dire Dawa,0.57,0.03,0.08
204,GM,The Gambia,Banjul,0.78,0.03,0.15
205,GM,The Gambia,Basse,0.85,0.00,-0.02
206,GM,The Gambia,Brikama,0.82,0.01,0.03
207,GM,The Gambia,Janjanbureh,0.82,0.00,0.03
208,GM,The Gambia,Kanifing,0.77,0.05,0.22
209,GM,The Gambia,Kerewan,0.91,-0.02,-0.25
210,GM,The Gambia,Kuntaur,0.84,0.01,0.04
211,GM,The Gambia,Mansakonko,0.91,-0.01,-0.12
212,GH,Ghana,Upper East,0.83,-0.03,-0.21
213,GH,Ghana,Western,0.69,-0.07,-0.23
214,GH,Ghana,Upper West,0.90,-0.02,-0.16
215,GH,Ghana,Northern,0.67,0.06,0.19
216,GH,Ghana,Brong Ahafo,0.82,-0.01,-0.05
217,GH,Ghana,Volta,0.79,-0.03,-0.16
218,GH,Ghana,Central,0.66,-0.01,-0.03
219,GH,Ghana,Greater Accra,0.78,0.01,0.07
220,GH,Ghana,Ashanti,0.78,-0.04,-0.18
221,GH,Ghana,Eastern,0.76,0.04,0.16
222,GU,Guatemala,Alta Verapaz,0.68,0.05,0.17
223,GU,Guatemala,Baja Verapaz,0.83,0.03,0.15
224,GU,Guatemala,Chimaltenango,0.79,-0.02,-0.10
225,GU,Guatemala,Chiquimula,0.79,-0.04,-0.18
226,GU,Guatemala,El Progreso,0.87,0.03,0.20
227,GU,Guatemala,Escuintla,0.77,-0.01,-0.02
228,GU,Guatemala,Guatemala,0.79,0.01,0.05
229,GU,Guatemala,Huehuetenango,0.67,0.03,0.11
230,GU,Guatemala,Izabal,0.64,0.10,0.28
231,GU,Guatemala,Jalapa,0.78,0.00,0.00
232,GU,Guatemala,Jutiapa,0.80,0.05,0.23
233,GU,Guatemala,Quetzaltenango,0.70,-0.03,-0.11
234,GU,Guatemala,Petén,0.89,0.00,0.02
235,GU,Guatemala,Retalhuleu,0.74,-0.03,-0.10
236,GU,Guatemala,Sacatepéquez,0.82,0.02,0.10
237,GU,Guatemala,San Marcos,0.66,0.05,0.14
238,GU,Guatemala,Santa Rosa,0.79,0.02,0.08
239,GU,Guatemala,Sololá,0.67,0.04,0.13
240,GU,Guatemala,Suchitepéquez,0.71,-0.01,-0.03
241,GU,Guatemala,Totonicapán,0.78,0.00,0.01
242,GU,Guatemala,Zacapa,0.82,0.04,0.22
243,GU,Guatemala,Quiché,0.81,-0.01,-0.06
244,GN,Guinea,Boké,0.16,0.43,0.51
245,GN,Guinea,Conakry,0.31,0.12,0.18
246,GN,Guinea,Faranah,0.22,0.09,0.11
247,GN,Guinea,Kankan,0.40,-0.02,-0.03
248,GN,Guinea,Kindia,0.13,0.32,0.36
249,GN,Guinea,Labé,0.08,0.34,0.37
250,GN,Guinea,Mamou,0.12,0.46,0.52
251,GN,Guinea,N'zérékoré,0.33,0.15,0.22
252,HT,Haiti,Southeast,0.30,0.27,0.39
253,HT,Haiti,North,0.58,0.12,0.28
254,HT,Haiti,Northeast,0.54,-0.04,-0.10
255,HT,Haiti,Artibonite,0.31,0.25,0.37
256,HT,Haiti,Central,0.42,0.09,0.15
257,HT,Haiti,South,0.45,0.27,0.50
258,HT,Haiti,Grande-Anse,0.39,0.07,0.11
259,HT,Haiti,Northwest,0.42,0.06,0.11
260,HT,Haiti,Nippes,0.51,0.12,0.24
261,HT,Haiti,West,0.30,0.20,0.28
262,HT,Haiti,Metropolitan Area,0.43,0.20,0.35
263,IA,India,Telangana-Adilabad,0.67,0.08,0.23
264,IA,India,Uttar Pradesh-Agra,0.58,0.05,0.11
265,IA,India,Gujarat-Ahmadabad,0.47,0.09,0.18
266,IA,India,Maharashtra-Ahmadnagar,0.44,0.09,0.17
267,IA,India,Mizoram-Aizawl,0.66,0.00,0.00
268,IA,India,Rajasthan-Ajmer,0.66,0.08,0.22
269,IA,India,Maharashtra-Akola,0.52,-0.12,-0.24
270,IA,India,Kerala-Alappuzha,0.85,-0.01,-0.06
271,IA,India,Uttar Pradesh-Aligarh,0.61,0.10,0.27
272,IA,India,Madhya Pradesh-Alirajpur,0.24,0.10,0.13
273,IA,India,Uttar Pradesh-Allahabad,0.39,0.13,0.21
274,IA,India,Uttarakhand-Almora,0.70,0.06,0.21
275,IA,India,Rajasthan-Alwar,0.50,0.17,0.34
276,IA,India,Haryana-Ambala,0.97,-0.01,-0.25
277,IA,India,Uttar Pradesh-Ambedkar Nagar,0.59,0.00,0.00
278,IA,India,Maharashtra-Amravati,0.60,0.07,0.18
279,IA,India,Gujarat-Amreli,0.61,0.03,0.07
280,IA,India,Punjab-Amritsar,0.92,0.02,0.21
281,IA,India,Gujarat-Anand,0.57,0.05,0.11
282,IA,India,Andhra Pradesh-Anantapur,0.73,0.04,0.15
283,IA,India,Jammu & Kashmir-Anantnag,0.74,0.05,0.20
284,IA,India,Arunachal Pradesh-Anjaw,0.33,-0.03,-0.05
285,IA,India,Odisha-Anugul,0.88,0.01,0.12
286,IA,India,Madhya Pradesh-Anuppur,0.58,0.12,0.29
287,IA,India,Bihar-Araria,0.51,0.04,0.08
288,IA,India,Tamil Nadu-Ariyalur,0.61,0.06,0.15
289,IA,India,Bihar-Arwal,0.73,0.00,-0.01
290,IA,India,Madhya Pradesh-Ashoknagar,0.43,0.01,0.01
291,IA,India,Uttar Pradesh-Auraiya,0.33,-0.03,-0.04
292,IA,India,Bihar-Aurangabad,0.77,0.03,0.14
293,IA,India,Maharashtra-Aurangabad,0.55,0.01,0.02
294,IA,India,Uttar Pradesh-Azamgarh,0.37,0.06,0.09
295,IA,India,Jammu & Kashmir-Badgam,0.84,0.02,0.14
296,IA,India,Karnataka-Bagalkot,0.71,0.01,0.02
297,IA,India,Uttarakhand-Bageshwar,0.62,0.07,0.19
298,IA,India,Uttar Pradesh-Baghpat,0.68,0.05,0.16
299,IA,India,Uttar Pradesh-Bahraich,0.10,-0.06,-0.06
300,IA,India,Assam-Baksa,0.60,0.05,0.13
301,IA,India,Madhya Pradesh-Balaghat,0.65,-0.02,-0.04
302,IA,India,Odisha-Balangir,0.94,-0.01,-0.15
303,IA,India,Odisha-Baleshwar,0.83,0.03,0.19
304,IA,India,Uttar Pradesh-Ballia,0.45,0.19,0.35
305,IA,India,Uttar Pradesh-Balrampur,0.08,0.12,0.13
306,IA,India,Gujarat-Banaskantha,0.35,0.25,0.38
307,IA,India,Uttar Pradesh-Banda,0.39,0.03,0.06
308,IA,India,Jammu & Kashmir-Bandipore,0.75,-0.03,-0.13
309,IA,India,Karnataka-Bangalore Rural,0.67,-0.03,-0.10
310,IA,India,Karnataka-Bangalore,0.57,-0.03,-0.06
311,IA,India,Bihar-Banka,0.65,0.06,0.16
312,IA,India,West Bengal-Bankura,0.96,-0.01,-0.20
313,IA,India,Rajasthan-Banswara,0.52,0.00,0.00
314,IA,India,Uttar Pradesh-Bara Banki,0.45,0.15,0.27
315,IA,India,Jammu & Kashmir-Baramula,0.86,0.01,0.04
316,IA,India,Rajasthan-Baran,0.66,0.12,0.35
317,IA,India,West Bengal-Barddhaman,0.83,-0.04,-0.23
318,IA,India,Uttar Pradesh-Bareilly,0.50,0.17,0.33
319,IA,India,Odisha-Bargarh,0.83,0.02,0.11
320,IA,India,Rajasthan-Barmer,0.34,0.16,0.24
321,IA,India,Punjab-Barnala,0.93,-0.01,-0.12
322,IA,India,Assam-Barpeta,0.34,0.21,0.33
323,IA,India,Madhya Pradesh-Barwani,0.41,0.27,0.45
324,IA,India,Chhattisgarh-Bastar,0.77,0.00,0.00
325,IA,India,Uttar Pradesh-Basti,0.54,-0.05,-0.11
326,IA,India,Punjab-Bathinda,0.95,0.03,0.64
327,IA,India,Odisha-Baudh,0.93,0.04,0.61
328,IA,India,Bihar-Begusarai,0.71,-0.01,-0.03
329,IA,India,Karnataka-Belgaum,0.66,0.08,0.22
330,IA,India,Karnataka-Bellary,0.71,0.03,0.12
331,IA,India,Madhya Pradesh-Betul,0.71,0.06,0.19
332,IA,India,Odisha-Bhadrak,0.82,-0.02,-0.09
333,IA,India,Bihar-Bhagalpur,0.69,-0.04,-0.13
334,IA,India,Maharashtra-Bhandara,0.85,0.05,0.32
335,IA,India,Rajasthan-Bharatpur,0.47,0.09,0.16
336,IA,India,Gujarat-Bharuch,0.60,0.04,0.11
337,IA,India,Gujarat-Bhavnagar,0.56,0.02,0.04
338,IA,India,Rajasthan-Bhilwara,0.67,0.07,0.22
339,IA,India,Madhya Pradesh-Bhind,0.54,0.01,0.01
340,IA,India,Haryana-Bhiwani,0.60,0.00,0.00
341,IA,India,Bihar-Bhojpur,0.69,0.01,0.03
342,IA,India,Madhya Pradesh-Bhopal,0.64,0.00,-0.01
343,IA,India,Karnataka-Bidar,0.65,0.04,0.11
344,IA,India,Maharashtra-Bid,0.54,0.08,0.18
345,IA,India,Chhattisgarh-Bijapur,0.79,0.06,0.28
346,IA,India,Karnataka-Bijapur,0.55,0.06,0.13
347,IA,India,Uttar Pradesh-Bijnor,0.69,0.01,0.04
348,IA,India,Rajasthan-Bikaner,0.57,0.02,0.06
349,IA,India,Chhattisgarh-Bilaspur,0.82,0.04,0.22
350,IA,India,Himanchal Pradesh-Bilaspur,0.56,0.01,0.01
351,IA,India,West Bengal-Birbhum,0.86,-0.01,-0.08
352,IA,India,Manipur-Bishnupur,0.78,0.04,0.18
353,IA,India,Jharkhand-Bokaro,0.71,-0.05,-0.16
354,IA,India,Assam-Bongaigaon,0.44,0.03,0.06
355,IA,India,Uttar Pradesh-Budaun,0.48,0.13,0.24
356,IA,India,Uttar Pradesh-Bulandshahr,0.60,0.11,0.26
357,IA,India,Maharashtra-Buldana,0.70,0.12,0.41
358,IA,India,Rajasthan-Bundi,0.68,0.06,0.20
359,IA,India,Madhya Pradesh-Burhanpur,0.43,0.21,0.36
360,IA,India,Bihar-Buxar,0.68,0.08,0.25
361,IA,India,Assam-Cachar,0.48,0.17,0.33
362,IA,India,Delhi-Central,0.72,0.08,0.27
363,IA,India,Karnataka-Chamarajanagar,0.68,-0.01,-0.02
364,IA,India,Himanchal Pradesh-Chamba,0.60,0.09,0.22
365,IA,India,Uttarakhand-Chamoli,0.63,0.14,0.39
366,IA,India,Uttarakhand-Champawat,0.70,0.03,0.11
367,IA,India,Mizoram-Champhai,0.49,0.08,0.15
368,IA,India,Uttar Pradesh-Chandauli,0.58,0.06,0.14
369,IA,India,Manipur-Chandel,0.55,0.11,0.25
370,IA,India,Chandigarh-Chandigarh,0.84,0.04,0.25
371,IA,India,Maharashtra-Chandrapur,0.61,0.14,0.36
372,IA,India,Arunachal Pradesh-Changlang,0.74,0.16,0.60
373,IA,India,Jharkhand-Chatra,0.51,0.13,0.27
374,IA,India,Tamil Nadu-Chennai,0.71,0.02,0.05
375,IA,India,Madhya Pradesh-Chhatarpur,0.38,0.11,0.18
376,IA,India,Madhya Pradesh-Chhindwara,0.66,0.05,0.14
377,IA,India,Karnataka-Chikkaballapura,0.58,0.02,0.04
378,IA,India,Karnataka-Chikmagalur,0.45,0.02,0.03
379,IA,India,Assam-Chirang,0.44,0.07,0.12
380,IA,India,Karnataka-Chitradurga,0.55,0.03,0.06
381,IA,India,Uttar Pradesh-Chitrakoot,0.66,0.01,0.02
382,IA,India,Rajasthan-Chittaurgarh,0.45,0.07,0.12
383,IA,India,Andhra Pradesh-Chittoor,0.68,-0.06,-0.19
384,IA,India,Manipur-Churachandpur,0.53,0.24,0.51
385,IA,India,Rajasthan-Churu,0.59,-0.02,-0.04
386,IA,India,Tamil Nadu-Cuddalore,0.69,0.02,0.08
387,IA,India,Tamil Nadu-Coimbatore,0.87,-0.04,-0.32
388,IA,India,Odisha-Cuttack,0.81,-0.01,-0.04
389,IA,India,Dadra And Nagar Haveli-Dadra & Nagar Haveli,0.54,0.07,0.15
390,IA,India,Chhattisgarh-Dakshin Bastar Dantewada,0.69,0.10,0.34
391,IA,India,West Bengal-Dakshin Dinajpur,0.87,0.03,0.23
392,IA,India,Karnataka-Dakshina Kannada,0.67,0.04,0.14
393,IA,India,Daman And Diu-Daman,0.60,0.12,0.30
394,IA,India,Madhya Pradesh-Damoh,0.48,0.02,0.04
395,IA,India,Bihar-Darbhanga,0.51,0.05,0.10
396,IA,India,West Bengal-Darjiling,0.83,0.02,0.14
397,IA,India,Assam-Darrang,0.42,0.14,0.25
398,IA,India,Madhya Pradesh-Datia,0.49,0.15,0.28
399,IA,India,Rajasthan-Dausa,0.55,0.03,0.07
400,IA,India,Karnataka-Davanagere,0.79,-0.01,-0.04
401,IA,India,Odisha-Debagarh,0.71,0.01,0.02
402,IA,India,Uttarakhand-Dehradun,0.65,0.02,0.06
403,IA,India,Jharkhand-Deoghar,0.61,0.02,0.05
404,IA,India,Uttar Pradesh-Deoria,0.63,0.00,-0.01
405,IA,India,Madhya Pradesh-Dewas,0.62,0.08,0.22
406,IA,India,Tripura-Dhalai,0.54,0.17,0.37
407,IA,India,Chhattisgarh-Dhamtari,0.83,0.00,0.00
408,IA,India,Jharkhand-Dhanbad,0.77,0.01,0.02
409,IA,India,Madhya Pradesh-Dhar,0.59,0.14,0.34
410,IA,India,Tamil Nadu-Dharmapuri,0.64,0.04,0.12
411,IA,India,Karnataka-Dharwad,0.71,-0.01,-0.04
412,IA,India,Rajasthan-Dhaulpur,0.58,0.02,0.04
413,IA,India,Assam-Dhemaji,0.58,0.14,0.32
414,IA,India,Odisha-Dhenkanal,0.81,0.01,0.08
415,IA,India,Assam-Dhubri,0.21,0.20,0.26
416,IA,India,Maharashtra-Dhule,0.48,0.08,0.15
417,IA,India,Arunachal Pradesh-Dibang Valley,0.37,0.21,0.33
418,IA,India,Assam-Dibrugarh,0.62,0.03,0.08
419,IA,India,Assam-Dima Hasao,0.57,0.12,0.28
420,IA,India,Nagaland-Dimapur,0.36,0.23,0.36
421,IA,India,Tamil Nadu-Dindigul,0.81,0.00,-0.02
422,IA,India,Madhya Pradesh-Dindori,0.50,0.07,0.13
423,IA,India,Daman And Diu-Diu,0.73,-0.03,-0.11
424,IA,India,Jammu & Kashmir-Doda,0.50,0.13,0.25
425,IA,India,Gujarat-Dohad,0.21,0.12,0.15
426,IA,India,Jharkhand-Dumka,0.70,0.06,0.22
427,IA,India,Rajasthan-Dungarpur,0.65,0.09,0.26
428,IA,India,Chhattisgarh-Durg,0.88,0.00,0.04
429,IA,India,Sikkim-East District,0.81,0.03,0.14
430,IA,India,Meghalaya-East Garo Hills,0.37,0.16,0.25
431,IA,India,Andhra Pradesh-East Godavari,0.55,0.02,0.04
432,IA,India,Arunachal Pradesh-East Kameng,0.09,0.48,0.53
433,IA,India,Meghalaya-East Khasi Hills,0.65,0.02,0.07
434,IA,India,Arunachal Pradesh-East Siang,0.43,-0.01,-0.02
435,IA,India,Delhi-East,0.64,0.06,0.16
436,IA,India,Kerala-Ernakulam,0.87,-0.01,-0.04
437,IA,India,Tamil Nadu-Erode,0.80,-0.02,-0.12
438,IA,India,Uttar Pradesh-Etah,0.50,0.12,0.25
439,IA,India,Uttar Pradesh-Etawah,0.57,0.03,0.08
440,IA,India,Uttar Pradesh-Faizabad,0.48,-0.02,-0.03
441,IA,India,Haryana-Faridabad,0.47,-0.02,-0.04
442,IA,India,Punjab-Faridkot,0.98,0.00,0.18
443,IA,India,Uttar Pradesh-Farrukhabad,0.39,0.04,0.07
444,IA,India,Haryana-Fatehabad,0.87,0.00,-0.01
445,IA,India,Punjab-Fatehgarh Sahib,0.90,0.05,0.48
446,IA,India,Uttar Pradesh-Fatehpur,0.47,-0.07,-0.13
447,IA,India,Uttar Pradesh-Firozabad,0.57,0.04,0.10
448,IA,India,Punjab-Firozpur,0.89,0.04,0.39
449,IA,India,Karnataka-Gadag,0.59,-0.03,-0.07
450,IA,India,Maharashtra-Gadchiroli,0.84,0.05,0.30
451,IA,India,Odisha-Gajapati,0.41,0.11,0.18
452,IA,India,Jammu & Kashmir-Ganderbal,0.84,0.00,-0.02
453,IA,India,Gujarat-Gandhinagar,0.53,0.05,0.10
454,IA,India,Rajasthan-Ganganagar,0.81,0.06,0.30
455,IA,India,Odisha-Ganjam,0.56,0.02,0.05
456,IA,India,Jharkhand-Garhwa,0.57,0.02,0.05
457,IA,India,Uttarakhand-Garhwal,0.67,0.05,0.17
458,IA,India,Uttar Pradesh-Gautam Buddha Nagar,0.62,0.08,0.20
459,IA,India,Bihar-Gaya,0.68,0.06,0.18
460,IA,India,Uttar Pradesh-Ghaziabad,0.57,0.10,0.24
461,IA,India,Uttar Pradesh-Ghazipur,0.41,0.12,0.21
462,IA,India,Jharkhand-Giridih,0.49,0.05,0.10
463,IA,India,Assam-Goalpara,0.54,0.15,0.32
464,IA,India,Jharkhand-Godda,0.63,0.01,0.03
465,IA,India,Assam-Golaghat,0.71,0.06,0.21
466,IA,India,Uttar Pradesh-Gonda,0.29,0.27,0.39
467,IA,India,Maharashtra-Gondiya,0.71,0.01,0.02
468,IA,India,Bihar-Gopalganj,0.59,0.11,0.28
469,IA,India,Uttar Pradesh-Gorakhpur,0.64,-0.01,-0.03
470,IA,India,Karnataka-Gulbarga,0.58,-0.11,-0.27
471,IA,India,Jharkhand-Gumla,0.58,0.09,0.22
472,IA,India,Madhya Pradesh-Guna,0.68,0.08,0.26
473,IA,India,Andhra Pradesh-Guntur,0.58,-0.12,-0.28
474,IA,India,Punjab-Gurdaspur,0.90,0.06,0.59
475,IA,India,Haryana-Gurgaon,0.30,0.18,0.25
476,IA,India,Madhya Pradesh-Gwalior,0.52,0.05,0.10
477,IA,India,Assam-Hailakandi,0.43,0.15,0.26
478,IA,India,Himanchal Pradesh-Hamirpur,0.59,0.00,-0.01
479,IA,India,Uttar Pradesh-Hamirpur,0.42,0.04,0.07
480,IA,India,Rajasthan-Hanumangarh,0.62,0.03,0.07
481,IA,India,West Bengal-Haora,0.78,0.01,0.04
482,IA,India,Madhya Pradesh-Harda,0.51,0.09,0.18
483,IA,India,Uttar Pradesh-Hardoi,0.37,0.18,0.28
484,IA,India,Uttarakhand-Hardwar,0.56,0.08,0.17
485,IA,India,Karnataka-Hassan,0.66,-0.02,-0.05
486,IA,India,Karnataka-Haveri,0.73,0.04,0.15
487,IA,India,Jharkhand-Hazaribagh,0.72,-0.03,-0.10
488,IA,India,Maharashtra-Hingoli,0.65,0.09,0.25
489,IA,India,Haryana-Hisar,0.80,-0.05,-0.27
490,IA,India,Madhya Pradesh-Hoshangabad,0.50,0.00,0.01
491,IA,India,Punjab-Hoshiarpur,0.93,0.02,0.31
492,IA,India,West Bengal-Hugli,0.91,0.01,0.11
493,IA,India,Telangana-Hyderabad,0.68,0.08,0.23
494,IA,India,Kerala-Idukki,0.93,0.01,0.08
495,IA,India,Manipur-Imphal East,0.76,0.11,0.45
496,IA,India,Manipur-Imphal West,0.82,0.05,0.29
497,IA,India,Madhya Pradesh-Indore,0.63,0.10,0.28
498,IA,India,Madhya Pradesh-Jabalpur,0.68,0.01,0.04
499,IA,India,Odisha-Jagatsinghapur,0.86,0.03,0.19
500,IA,India,Meghalaya-Jaintia Hills,0.67,0.01,0.03
501,IA,India,Rajasthan-Jaipur,0.58,0.03,0.07
502,IA,India,Rajasthan-Jaisalmer,0.39,0.25,0.41
503,IA,India,Odisha-Jajapur,0.85,0.07,0.45
504,IA,India,Punjab-Jalandhar,0.94,0.01,0.11
505,IA,India,Uttar Pradesh-Jalaun,0.52,-0.03,-0.06
506,IA,India,Maharashtra-Jalgaon,0.37,0.04,0.07
507,IA,India,Maharashtra-Jalna,0.66,-0.01,-0.04
508,IA,India,Rajasthan-Jalor,0.37,0.12,0.18
509,IA,India,West Bengal-Jalpaiguri,0.85,-0.01,-0.08
510,IA,India,Jammu & Kashmir-Jammu,0.77,0.06,0.25
511,IA,India,Gujarat-Jamnagar,0.71,0.06,0.21
512,IA,India,Jharkhand-Jamtara,0.71,0.01,0.05
513,IA,India,Bihar-Jamui,0.53,0.04,0.08
514,IA,India,Chhattisgarh-Janjgir - Champa,0.74,0.06,0.22
515,IA,India,Chhattisgarh-Jashpur,0.54,0.13,0.28
516,IA,India,Uttar Pradesh-Jaunpur,0.57,-0.01,-0.02
517,IA,India,Bihar-Jehanabad,0.68,0.02,0.06
518,IA,India,Madhya Pradesh-Jhabua,0.26,0.20,0.28
519,IA,India,Haryana-Jhajjar,0.48,0.01,0.01
520,IA,India,Rajasthan-Jhalawar,0.79,0.02,0.10
521,IA,India,Uttar Pradesh-Jhansi,0.63,0.12,0.32
522,IA,India,Odisha-Jharsuguda,0.83,-0.06,-0.35
523,IA,India,Rajasthan-Jhunjhunun,0.63,0.00,0.00
524,IA,India,Haryana-Jind,0.87,-0.01,-0.09
525,IA,India,Rajasthan-Jodhpur,0.41,0.18,0.30
526,IA,India,Assam-Jorhat,0.67,0.05,0.17
527,IA,India,Gujarat-Junagadh,0.52,-0.01,-0.01
528,IA,India,Uttar Pradesh-Jyotiba Phule Nagar,0.75,0.04,0.18
529,IA,India,Chhattisgarh-Kabirdham,0.63,0.04,0.09
530,IA,India,Gujarat-Kachchh,0.40,-0.03,-0.05
531,IA,India,Bihar-Kaimur (Bhabua),0.72,0.01,0.05
532,IA,India,Haryana-Kaithal,0.89,0.01,0.08
533,IA,India,Odisha-Kalahandi,0.77,-0.02,-0.07
534,IA,India,Assam-Kamrup Metropolitan,0.71,0.05,0.17
535,IA,India,Assam-Kamrup,0.47,0.17,0.31
536,IA,India,Tamil Nadu-Kancheepuram,0.63,-0.02,-0.04
537,IA,India,Odisha-Kandhamal,0.68,0.07,0.22
538,IA,India,Himanchal Pradesh-Kangra,0.75,0.05,0.18
539,IA,India,Uttar Pradesh-Kannauj,0.51,0.11,0.23
540,IA,India,Tamil Nadu-Kanniyakumari,0.55,0.02,0.05
541,IA,India,Kerala-Kannur,0.87,0.00,-0.03
542,IA,India,Uttar Pradesh-Kanpur Dehat,0.62,-0.04,-0.10
543,IA,India,Uttar Pradesh-Kanpur Nagar,0.52,-0.04,-0.09
544,IA,India,Uttar Pradesh-Kanshiram Nagar,0.47,0.09,0.17
545,IA,India,Punjab-Kapurthala,1.00,0.00,0.00
546,IA,India,Puducherry-Karaikal,0.87,0.02,0.13
547,IA,India,Rajasthan-Karauli,0.56,0.15,0.35
548,IA,India,Assam-Karbi Anglong,0.35,0.16,0.25
549,IA,India,Jammu & Kashmir-Kargil,0.87,0.04,0.28
550,IA,India,Assam-Karimganj,0.58,0.10,0.24
551,IA,India,Telangana-Karimnagar,0.74,0.09,0.34
552,IA,India,Haryana-Karnal,0.92,0.01,0.14
553,IA,India,Tamil Nadu-Karur,0.87,0.02,0.17
554,IA,India,Kerala-Kasaragod,0.87,0.00,-0.02
555,IA,India,Jammu & Kashmir-Kathua,0.89,0.02,0.18
556,IA,India,Bihar-Katihar,0.62,0.03,0.08
557,IA,India,Madhya Pradesh-Katni,0.49,0.08,0.15
558,IA,India,Uttar Pradesh-Kaushambi,0.37,0.00,0.01
559,IA,India,Odisha-Kendrapara,0.82,0.04,0.19
560,IA,India,Odisha-Kendujhar,0.75,0.05,0.21
561,IA,India,Bihar-Khagaria,0.67,0.08,0.23
562,IA,India,Telangana-Khammam,0.73,-0.02,-0.08
563,IA,India,Madhya Pradesh-Khandwa (East Nimar),0.59,0.16,0.39
564,IA,India,Madhya Pradesh-Khargone (West Nimar),0.67,0.18,0.53
565,IA,India,Gujarat-Kheda,0.38,0.17,0.27
566,IA,India,Uttar Pradesh-Kheri,0.57,0.11,0.27
567,IA,India,Odisha-Khordha,0.75,0.02,0.10
568,IA,India,Jharkhand-Khunti,0.78,0.04,0.19
569,IA,India,Himanchal Pradesh-Kinnaur,0.79,0.05,0.26
570,IA,India,Nagaland-Kiphire,0.34,0.25,0.37
571,IA,India,Bihar-Kishanganj,0.57,0.10,0.23
572,IA,India,Jammu & Kashmir-Kishtwar,0.67,0.11,0.34
573,IA,India,West Bengal-Koch Bihar,0.79,-0.01,-0.04
574,IA,India,Karnataka-Kodagu,0.69,0.05,0.17
575,IA,India,Jharkhand-Kodarma,0.72,0.01,0.04
576,IA,India,Nagaland-Kohima,0.59,0.07,0.18
577,IA,India,Assam-Kokrajhar,0.52,0.15,0.31
578,IA,India,Karnataka-Kolar,0.77,-0.05,-0.23
579,IA,India,Mizoram-Kolasib,0.52,0.05,0.11
580,IA,India,Maharashtra-Kolhapur,0.51,0.10,0.21
581,IA,India,West Bengal-Kolkata,0.68,0.05,0.16
582,IA,India,Kerala-Kollam,0.88,-0.02,-0.13
583,IA,India,Karnataka-Koppal,0.63,-0.02,-0.06
584,IA,India,Odisha-Koraput,0.62,0.06,0.15
585,IA,India,Chhattisgarh-Korba,0.80,0.03,0.17
586,IA,India,Chhattisgarh-Korea (Koriya),0.73,0.09,0.32
587,IA,India,Rajasthan-Kota,0.76,0.04,0.18
588,IA,India,Kerala-Kottayam,0.93,0.01,0.15
589,IA,India,Kerala-Kozhikode,0.76,-0.03,-0.13
590,IA,India,Andhra Pradesh-Krishna,0.66,-0.04,-0.13
591,IA,India,Tamil Nadu-Krishnagiri,0.83,0.03,0.16
592,IA,India,Jammu & Kashmir-Kulgam,0.83,0.05,0.31
593,IA,India,Himanchal Pradesh-Kullu,0.68,0.01,0.02
594,IA,India,Jammu & Kashmir-Kupwara,0.80,0.02,0.10
595,IA,India,Andhra Pradesh-Kurnool,0.55,-0.02,-0.04
596,IA,India,Haryana-Kurukshetra,0.86,-0.02,-0.18
597,IA,India,Arunachal Pradesh-Kurung Kumey,0.16,0.19,0.22
598,IA,India,Uttar Pradesh-Kushinagar,0.46,0.13,0.24
599,IA,India,Himanchal Pradesh-Lahul And Spiti,0.66,0.08,0.24
600,IA,India,Assam-Lakhimpur,0.60,0.10,0.26
601,IA,India,Bihar-Lakhisarai,0.64,0.05,0.15
602,IA,India,Lakshadweep-Lakshadweep,0.90,0.00,-0.01
603,IA,India,Uttar Pradesh-Lalitpur,0.61,0.04,0.11
604,IA,India,Jharkhand-Latehar,0.54,0.05,0.11
605,IA,India,Maharashtra-Latur,0.62,0.03,0.09
606,IA,India,Mizoram-Lawngtlai,0.36,0.27,0.41
607,IA,India,Jammu & Kashmir-Leh,0.84,0.03,0.22
608,IA,India,Jharkhand-Lohardaga,0.66,0.04,0.10
609,IA,India,Arunachal Pradesh-Lohit,0.56,0.20,0.44
610,IA,India,Nagaland-Longleng,0.14,0.39,0.45
611,IA,India,Arunachal Pradesh-Lower Dibang Valley,0.43,0.16,0.27
612,IA,India,Arunachal Pradesh-Lower Subansiri,0.32,0.19,0.28
613,IA,India,Uttar Pradesh-Lucknow,0.61,0.05,0.13
614,IA,India,Punjab-Ludhiana,0.82,0.11,0.60
615,IA,India,Mizoram-Lunglei,0.49,0.17,0.33
616,IA,India,Bihar-Madhepura,0.64,0.01,0.03
617,IA,India,Bihar-Madhubani,0.47,0.09,0.18
618,IA,India,Tamil Nadu-Madurai,0.56,-0.04,-0.08
619,IA,India,Uttar Pradesh-Mahamaya Nagar,0.56,0.11,0.25
620,IA,India,Uttar Pradesh-Mahrajganj,0.43,0.03,0.05
621,IA,India,Chhattisgarh-Mahasamund,0.80,0.02,0.10
622,IA,India,Telangana-Mahbubnagar,0.40,0.08,0.14
623,IA,India,Haryana-Mahendragarh,0.73,0.04,0.16
624,IA,India,Puducherry-Mahe,0.89,-0.01,-0.06
625,IA,India,Gujarat-Mahesana,0.53,0.19,0.40
626,IA,India,Uttar Pradesh-Mahoba,0.68,0.01,0.03
627,IA,India,Uttar Pradesh-Mainpuri,0.49,-0.01,-0.02
628,IA,India,Kerala-Malappuram,0.77,0.02,0.08
629,IA,India,West Bengal-Maldah,0.69,-0.01,-0.03
630,IA,India,Odisha-Malkangiri,0.80,0.03,0.16
631,IA,India,Mizoram-Mamit,0.40,0.23,0.37
632,IA,India,Himanchal Pradesh-Mandi,0.75,0.02,0.08
633,IA,India,Madhya Pradesh-Mandla,0.60,0.10,0.24
634,IA,India,Madhya Pradesh-Mandsaur,0.43,0.16,0.28
635,IA,India,Karnataka-Mandya,0.59,0.08,0.20
636,IA,India,Punjab-Mansa,0.92,0.02,0.22
637,IA,India,Uttar Pradesh-Mathura,0.54,0.03,0.07
638,IA,India,Uttar Pradesh-Mau,0.53,0.01,0.01
639,IA,India,Odisha-Mayurbhanj,0.72,0.06,0.23
640,IA,India,Telangana-Medak,0.85,0.05,0.35
641,IA,India,Uttar Pradesh-Meerut,0.58,0.08,0.19
642,IA,India,Haryana-Mewat,0.11,0.13,0.15
643,IA,India,Uttar Pradesh-Mirzapur,0.41,0.14,0.23
644,IA,India,Punjab-Moga,0.92,0.05,0.67
645,IA,India,Nagaland-Mokokchung,0.64,0.12,0.34
646,IA,India,Nagaland-Mon,0.17,0.31,0.38
647,IA,India,Uttar Pradesh-Moradabad,0.51,0.11,0.23
648,IA,India,Madhya Pradesh-Morena,0.62,0.03,0.08
649,IA,India,Assam-Morigaon,0.52,0.08,0.18
650,IA,India,Punjab-Muktsar,0.98,0.01,0.45
651,IA,India,Maharashtra-Mumbai Suburban,0.49,0.05,0.10
652,IA,India,Maharashtra-Mumbai,0.54,-0.09,-0.19
653,IA,India,Bihar-Munger,0.70,0.01,0.04
654,IA,India,West Bengal-Murshidabad,0.80,-0.01,-0.04
655,IA,India,Uttar Pradesh-Muzaffarnagar,0.60,0.10,0.25
656,IA,India,Bihar-Muzaffarpur,0.50,0.04,0.08
657,IA,India,Karnataka-Mysore,0.52,0.02,0.03
658,IA,India,Odisha-Nabarangapur,0.68,0.08,0.26
659,IA,India,West Bengal-Nadia,0.92,0.02,0.28
660,IA,India,Assam-Nagaon,0.53,0.01,0.03
661,IA,India,Tamil Nadu-Nagapattinam,0.50,0.09,0.18
662,IA,India,Rajasthan-Nagaur,0.44,0.12,0.22
663,IA,India,Maharashtra-Nagpur,0.80,0.00,-0.01
664,IA,India,Uttarakhand-Nainital,0.60,0.12,0.29
665,IA,India,Bihar-Nalanda,0.63,0.05,0.13
666,IA,India,Assam-Nalbari,0.54,0.16,0.34
667,IA,India,Telangana-Nalgonda,0.60,0.04,0.10
668,IA,India,Tamil Nadu-Namakkal,0.65,0.02,0.04
669,IA,India,Maharashtra-Nanded,0.51,0.12,0.24
670,IA,India,Maharashtra-Nandurbar,0.33,0.17,0.25
671,IA,India,Chhattisgarh-Narayanpur,0.62,0.13,0.35
672,IA,India,Gujarat-Narmada,0.68,0.08,0.25
673,IA,India,Madhya Pradesh-Narsimhapur,0.55,-0.04,-0.09
674,IA,India,Maharashtra-Nashik,0.59,0.08,0.19
675,IA,India,Gujarat-Navsari,0.68,0.00,0.00
676,IA,India,Bihar-Nawada,0.58,0.10,0.25
677,IA,India,Odisha-Nayagarh,0.84,0.02,0.10
678,IA,India,Madhya Pradesh-Neemuch,0.37,0.27,0.43
679,IA,India,Delhi-New Delhi,0.69,0.11,0.36
680,IA,India,Andaman And Nicobar Islands-Nicobars,0.33,-0.18,-0.27
681,IA,India,Telangana-Nizamabad,0.64,0.05,0.13
682,IA,India,Andaman And Nicobar Islands-North & Middle Andaman,0.80,-0.02,-0.08
683,IA,India,Sikkim-North  District,0.85,-0.02,-0.16
684,IA,India,Delhi-North East,0.59,0.04,0.10
685,IA,India,Goa-North Goa,0.87,0.06,0.51
686,IA,India,Tripura-North Tripura,0.51,0.09,0.19
687,IA,India,West Bengal-North Twenty Four Parganas,0.91,-0.02,-0.26
688,IA,India,Delhi-North West,0.75,0.08,0.33
689,IA,India,Delhi-North,0.58,0.05,0.11
690,IA,India,Odisha-Nuapada,0.87,0.02,0.15
691,IA,India,Maharashtra-Osmanabad,0.62,0.13,0.35
692,IA,India,Jharkhand-Pakur,0.71,0.05,0.17
693,IA,India,Kerala-Palakkad,0.92,0.01,0.18
694,IA,India,Jharkhand-Palamu,0.54,0.07,0.16
695,IA,India,Rajasthan-Pali,0.57,0.05,0.11
696,IA,India,Haryana-Palwal,0.25,0.22,0.29
697,IA,India,Gujarat-Panchmahal,0.26,0.22,0.30
698,IA,India,Haryana-Panchkula,0.91,0.00,0.01
699,IA,India,Haryana-Panipat,0.72,-0.05,-0.17
700,IA,India,Madhya Pradesh-Panna,0.25,0.19,0.25
701,IA,India,Arunachal Pradesh-Papumpare,0.28,0.14,0.20
702,IA,India,Maharashtra-Parbhani,0.53,0.03,0.07
703,IA,India,Jharkhand-Pashchimi Singhbhum,0.53,0.23,0.48
704,IA,India,West Bengal-Paschim Medinipur,0.91,-0.01,-0.07
705,IA,India,Bihar-Pashchim Champaran,0.35,0.14,0.21
706,IA,India,Gujarat-Patan,0.36,0.12,0.19
707,IA,India,Kerala-Pathanamthitta,0.79,0.15,0.70
708,IA,India,Punjab-Patiala,0.97,0.02,0.59
709,IA,India,Bihar-Patna,0.68,0.03,0.11
710,IA,India,Tamil Nadu-Perambalur,0.67,0.04,0.13
711,IA,India,Nagaland-Peren,0.45,0.08,0.15
712,IA,India,Nagaland-Phek,0.35,0.14,0.21
713,IA,India,Uttar Pradesh-Pilibhit,0.73,-0.03,-0.11
714,IA,India,Uttarakhand-Pithoragarh,0.75,0.09,0.34
715,IA,India,Gujarat-Porbandar,0.71,0.03,0.10
716,IA,India,Andhra Pradesh-Prakasam,0.53,0.04,0.08
717,IA,India,Rajasthan-Pratapgarh,0.64,0.08,0.22
718,IA,India,Uttar Pradesh-Pratapgarh,0.54,-0.01,-0.01
719,IA,India,Puducherry-Puducherry,0.87,-0.03,-0.25
720,IA,India,Tamil Nadu-Pudukkottai,0.58,-0.01,-0.01
721,IA,India,Jammu & Kashmir-Pulwama,0.89,0.06,0.54
722,IA,India,Jammu & Kashmir-Punch,0.88,0.01,0.10
723,IA,India,Maharashtra-Pune,0.78,0.05,0.22
724,IA,India,Bihar-Purba Champaran,0.45,0.04,0.07
725,IA,India,West Bengal-Purba Medinipur,0.91,0.00,0.04
726,IA,India,Jharkhand-Purbi Singhbhum,0.73,-0.03,-0.10
727,IA,India,Odisha-Puri,0.85,-0.01,-0.06
728,IA,India,Bihar-Purnia,0.62,0.09,0.22
729,IA,India,West Bengal-Puruliya,0.89,-0.02,-0.22
730,IA,India,Uttar Pradesh-Rae Bareli,0.70,0.00,-0.01
731,IA,India,Karnataka-Raichur,0.66,0.05,0.15
732,IA,India,Chhattisgarh-Raigarh,0.71,0.04,0.12
733,IA,India,Maharashtra-Raigarh,0.47,-0.01,-0.01
734,IA,India,Chhattisgarh-Raipur,0.76,0.04,0.18
735,IA,India,Madhya Pradesh-Raisen,0.70,0.05,0.17
736,IA,India,Madhya Pradesh-Rajgarh,0.43,0.15,0.27
737,IA,India,Gujarat-Rajkot,0.57,0.09,0.21
738,IA,India,Chhattisgarh-Rajnandgaon,0.87,0.01,0.11
739,IA,India,Jammu & Kashmir-Rajouri,0.48,0.09,0.16
740,IA,India,Rajasthan-Rajsamand,0.63,0.06,0.15
741,IA,India,Karnataka-Ramanagara,0.59,-0.06,-0.14
742,IA,India,Tamil Nadu-Ramanathapuram,0.62,0.09,0.25
743,IA,India,Jammu & Kashmir-Ramban,0.58,0.09,0.22
744,IA,India,Jharkhand-Ramgarh,0.74,0.04,0.14
745,IA,India,Uttar Pradesh-Rampur,0.64,-0.01,-0.04
746,IA,India,Jharkhand-Ranchi,0.71,-0.02,-0.06
747,IA,India,Telangana-Rangareddy,0.60,-0.02,-0.04
748,IA,India,Madhya Pradesh-Ratlam,0.42,0.08,0.15
749,IA,India,Maharashtra-Ratnagiri,0.70,-0.02,-0.08
750,IA,India,Odisha-Rayagada,0.70,0.05,0.17
751,IA,India,Jammu & Kashmir-Reasi,0.70,0.06,0.19
752,IA,India,Madhya Pradesh-Rewa,0.58,0.04,0.09
753,IA,India,Haryana-Rewari,0.43,0.06,0.11
754,IA,India,Meghalaya-Ribhoi,0.56,0.11,0.26
755,IA,India,Haryana-Rohtak,0.60,0.04,0.11
756,IA,India,Bihar-Rohtas,0.73,-0.02,-0.06
757,IA,India,Uttarakhand-Rudraprayag,0.68,0.04,0.11
758,IA,India,Punjab-Rupnagar,0.89,0.03,0.23
759,IA,India,Gujarat-Sabarkantha,0.48,0.13,0.24
760,IA,India,Madhya Pradesh-Sagar,0.51,0.07,0.15
761,IA,India,Uttar Pradesh-Saharanpur,0.64,0.01,0.03
762,IA,India,Bihar-Saharsa,0.67,0.06,0.17
763,IA,India,Jharkhand-Sahibganj,0.69,0.06,0.20
764,IA,India,Punjab-Sahibzada Ajit Singh Nagar,0.87,0.09,0.65
765,IA,India,Punjab-Shahid Bhagat Singh Nagar,0.82,0.03,0.16
766,IA,India,Mizoram-Saiha,0.55,0.02,0.05
767,IA,India,Tamil Nadu-Salem,0.72,0.00,0.01
768,IA,India,Bihar-Samastipur,0.55,0.06,0.14
769,IA,India,Jammu & Kashmir-Samba,0.55,0.03,0.07
770,IA,India,Odisha-Sambalpur,0.77,0.02,0.07
771,IA,India,Maharashtra-Sangli,0.39,0.11,0.18
772,IA,India,Punjab-Sangrur,0.88,-0.01,-0.07
773,IA,India,Uttar Pradesh-Sant Kabir Nagar,0.41,0.09,0.15
774,IA,India,Uttar Pradesh-Sant Ravidas Nagar (Bhadohi),0.47,-0.01,-0.03
775,IA,India,Jharkhand-Saraikela Kharsawan,0.67,-0.01,-0.02
776,IA,India,Bihar-Saran,0.54,0.11,0.23
777,IA,India,Maharashtra-Satara,0.62,-0.01,-0.02
778,IA,India,Madhya Pradesh-Satna,0.58,0.08,0.19
779,IA,India,Rajasthan-Sawai Madhopur,0.42,0.10,0.17
780,IA,India,Madhya Pradesh-Sehore,0.58,0.07,0.16
781,IA,India,Manipur-Senapati (Excluding 3 Sub-Divisions),0.56,0.16,0.36
782,IA,India,Madhya Pradesh-Seoni,0.62,0.10,0.25
783,IA,India,Mizoram-Serchhip,0.62,0.04,0.11
784,IA,India,Madhya Pradesh-Shahdol,0.38,0.07,0.11
785,IA,India,Uttar Pradesh-Shahjahanpur,0.63,0.07,0.18
786,IA,India,Madhya Pradesh-Shajapur,0.59,0.08,0.19
787,IA,India,Bihar-Sheikhpura,0.60,0.07,0.17
788,IA,India,Bihar-Sheohar,0.60,0.09,0.22
789,IA,India,Madhya Pradesh-Sheopur,0.48,0.14,0.26
790,IA,India,Himanchal Pradesh-Shimla,0.82,0.07,0.38
791,IA,India,Karnataka-Shimoga,0.51,0.07,0.15
792,IA,India,Madhya Pradesh-Shivpuri,0.59,0.08,0.19
793,IA,India,Uttar Pradesh-Shrawasti,0.18,0.21,0.26
794,IA,India,Jammu & Kashmir-Shupiyan,0.66,0.14,0.41
795,IA,India,Uttar Pradesh-Siddharth Nagar,0.31,0.11,0.15
796,IA,India,Madhya Pradesh-Sidhi,0.33,0.10,0.15
797,IA,India,Rajasthan-Sikar,0.58,0.00,-0.01
798,IA,India,Jharkhand-Simdega,0.61,0.14,0.37
799,IA,India,Maharashtra-Sindhudurg,0.73,-0.02,-0.07
800,IA,India,Madhya Pradesh-Singrauli,0.43,0.17,0.30
801,IA,India,Himanchal Pradesh-Sirmaur,0.71,0.04,0.13
802,IA,India,Rajasthan-Sirohi,0.50,0.19,0.38
803,IA,India,Haryana-Sirsa,0.77,0.00,0.00
804,IA,India,Bihar-Sitamarhi,0.58,0.04,0.10
805,IA,India,Uttar Pradesh-Sitapur,0.49,-0.01,-0.01
806,IA,India,Tamil Nadu-Sivaganga,0.67,-0.10,-0.31
807,IA,India,Assam-Sivasagar,0.76,0.03,0.13
808,IA,India,Bihar-Siwan,0.54,0.02,0.04
809,IA,India,Himanchal Pradesh-Solan,0.79,-0.02,-0.09
810,IA,India,Maharashtra-Solapur,0.55,0.19,0.42
811,IA,India,Uttar Pradesh-Sonbhadra,0.31,0.05,0.07
812,IA,India,Haryana-Sonipat,0.68,0.03,0.09
813,IA,India,Assam-Sonitpur,0.48,0.09,0.17
814,IA,India,Andaman And Nicobar Islands-South Andaman,0.68,-0.05,-0.14
815,IA,India,Sikkim-South District,0.90,-0.03,-0.28
816,IA,India,Meghalaya-South Garo Hills,0.86,0.05,0.34
817,IA,India,Goa-South Goa,0.86,0.05,0.36
818,IA,India,Tripura-South Tripura,0.59,0.08,0.18
819,IA,India,West Bengal-South Twenty Four Parganas,0.87,0.02,0.11
820,IA,India,Delhi-South West,0.93,-0.02,-0.26
821,IA,India,Delhi-South,0.61,0.13,0.32
822,IA,India,Andhra Pradesh-Sri Potti Sriramulu Nellore,0.50,0.07,0.13
823,IA,India,Andhra Pradesh-Srikakulam,0.62,0.00,0.00
824,IA,India,Jammu & Kashmir-Srinagar,0.88,0.01,0.04
825,IA,India,Odisha-Subarnapur,0.91,0.02,0.19
826,IA,India,Uttar Pradesh-Sultanpur,0.44,0.13,0.24
827,IA,India,Odisha-Sundargarh,0.83,-0.02,-0.12
828,IA,India,Bihar-Supaul,0.65,0.04,0.11
829,IA,India,Gujarat-Surat,0.49,0.16,0.31
830,IA,India,Gujarat-Surendranagar,0.32,0.06,0.09
831,IA,India,Chhattisgarh-Surguja,0.63,0.08,0.23
832,IA,India,Manipur-Tamenglong,0.43,0.28,0.48
833,IA,India,Gujarat-Tapi,0.68,0.09,0.28
834,IA,India,Punjab-Tarn Taran,0.98,0.02,0.88
835,IA,India,Arunachal Pradesh-Tawang,0.17,0.46,0.55
836,IA,India,Uttarakhand-Tehri Garhwal,0.58,0.12,0.29
837,IA,India,Maharashtra-Thane,0.43,-0.02,-0.04
838,IA,India,Tamil Nadu-Thanjavur,0.66,-0.03,-0.10
839,IA,India,Gujarat-The Dangs,0.49,0.03,0.06
840,IA,India,Tamil Nadu-The Nilgiris,0.78,-0.04,-0.18
841,IA,India,Tamil Nadu-Theni,0.52,0.16,0.34
842,IA,India,Tamil Nadu-Thiruvallur,0.76,0.05,0.22
843,IA,India,Kerala-Thiruvananthapuram,0.73,0.01,0.03
844,IA,India,Tamil Nadu-Thiruvarur,0.63,0.02,0.05
845,IA,India,Tamil Nadu-Thoothukkudi,0.49,-0.01,-0.02
846,IA,India,Kerala-Thrissur,0.87,0.02,0.12
847,IA,India,Madhya Pradesh-Tikamgarh,0.33,0.08,0.11
848,IA,India,Assam-Tinsukia,0.63,0.15,0.41
849,IA,India,Arunachal Pradesh-Tirap,0.39,0.33,0.54
850,IA,India,Tamil Nadu-Tiruchirappalli,0.67,0.03,0.10
851,IA,India,Tamil Nadu-Tirunelveli,0.43,0.02,0.04
852,IA,India,Tamil Nadu-Tiruppur,0.85,-0.04,-0.30
853,IA,India,Tamil Nadu-Tiruvannamalai,0.62,0.06,0.17
854,IA,India,Rajasthan-Tonk,0.74,0.05,0.18
855,IA,India,Manipur-Thoubal,0.65,0.13,0.36
856,IA,India,Nagaland-Tuensang,0.49,-0.03,-0.06
857,IA,India,Karnataka-Tumkur,0.66,0.01,0.02
858,IA,India,Rajasthan-Udaipur,0.51,0.16,0.33
859,IA,India,Assam-Udalguri,0.49,0.02,0.03
860,IA,India,Uttarakhand-Udham Singh Nagar,0.49,0.12,0.22
861,IA,India,Jammu & Kashmir-Udhampur,0.89,0.03,0.30
862,IA,India,Karnataka-Udupi,0.64,0.03,0.09
863,IA,India,Madhya Pradesh-Ujjain,0.47,0.06,0.11
864,IA,India,Manipur-Ukhrul,0.46,0.27,0.49
865,IA,India,Madhya Pradesh-Umaria,0.61,0.10,0.24
866,IA,India,Himanchal Pradesh-Una,0.61,-0.02,-0.06
867,IA,India,Uttar Pradesh-Unnao,0.61,0.04,0.10
868,IA,India,Arunachal Pradesh-Upper Siang,0.44,0.06,0.11
869,IA,India,Arunachal Pradesh-Upper Subansiri,0.22,0.25,0.32
870,IA,India,Chhattisgarh-Uttar Bastar Kanker,0.74,0.03,0.12
871,IA,India,West Bengal-Uttar Dinajpur,0.60,0.07,0.19
872,IA,India,Karnataka-Uttara Kannada,0.55,-0.03,-0.08
873,IA,India,Uttarakhand-Uttarkashi,0.69,0.07,0.22
874,IA,India,Gujarat-Vadodara,0.66,0.06,0.17
875,IA,India,Bihar-Vaishali,0.64,0.06,0.16
876,IA,India,Gujarat-Valsad,0.54,0.09,0.19
877,IA,India,Uttar Pradesh-Varanasi,0.58,0.03,0.08
878,IA,India,Tamil Nadu-Vellore,0.75,0.04,0.14
879,IA,India,Madhya Pradesh-Vidisha,0.40,0.16,0.26
880,IA,India,Tamil Nadu-Viluppuram,0.72,0.00,-0.01
881,IA,India,Tamil Nadu-Virudhunagar,0.52,0.06,0.12
882,IA,India,Andhra Pradesh-Visakhapatnam,0.68,-0.01,-0.03
883,IA,India,Andhra Pradesh-Vizianagaram,0.49,-0.09,-0.17
884,IA,India,Telangana-Warangal,0.76,0.00,-0.02
885,IA,India,Maharashtra-Wardha,0.78,0.04,0.20
886,IA,India,Maharashtra-Washim,0.71,0.05,0.16
887,IA,India,Kerala-Wayanad,0.79,0.02,0.10
888,IA,India,Sikkim-West District,0.83,0.02,0.10
889,IA,India,Meghalaya-West Garo Hills,0.49,0.08,0.16
890,IA,India,Andhra Pradesh-West Godavari,0.71,0.05,0.18
891,IA,India,Arunachal Pradesh-West Kameng,0.32,-0.03,-0.04
892,IA,India,Meghalaya-West Khasi Hills,0.74,0.00,-0.01
893,IA,India,Arunachal Pradesh-West Siang,0.28,0.12,0.17
894,IA,India,Tripura-West Tripura,0.61,0.04,0.11
895,IA,India,Delhi-West,0.76,0.01,0.05
896,IA,India,Nagaland-Wokha,0.33,0.24,0.35
897,IA,India,Andhra Pradesh-Y.s.r.,0.64,0.00,0.01
898,IA,India,Karnataka-Yadgir,0.55,0.09,0.19
899,IA,India,Haryana-Yamunanagar,0.85,0.04,0.28
900,IA,India,Puducherry-Yanam,0.89,0.00,-0.04
901,IA,India,Maharashtra-Yavatmal,0.62,0.03,0.09
902,IA,India,Nagaland-Zunheboto,0.21,0.20,0.25
903,ID,Indonesia,Di Aceh,0.37,0.11,0.18
904,ID,Indonesia,Bali,0.86,0.05,0.37
905,ID,Indonesia,Banten,0.53,0.12,0.25
906,ID,Indonesia,Bengkulu,0.58,0.03,0.08
907,ID,Indonesia,Di Yogyakarta,0.38,0.01,0.02
908,ID,Indonesia,Dki Jakarta,0.69,-0.04,-0.13
909,ID,Indonesia,Gorontalo,0.75,0.04,0.17
910,ID,Indonesia,Jambi,0.68,0.02,0.07
911,ID,Indonesia,West Java,0.61,0.04,0.11
912,ID,Indonesia,Central Java,0.80,0.01,0.05
913,ID,Indonesia,East Java,0.75,0.03,0.12
914,ID,Indonesia,West Kalimantan,0.70,0.02,0.05
915,ID,Indonesia,South Kalimantan,0.86,-0.03,-0.18
916,ID,Indonesia,Central Kalimantan,0.54,0.15,0.32
917,ID,Indonesia,East Kalimantan,0.75,0.01,0.04
918,ID,Indonesia,North Kalimantan,0.81,0.04,0.22
919,ID,Indonesia,Bangka Belitung,0.81,0.01,0.03
920,ID,Indonesia,Lampung,0.77,-0.05,-0.19
921,ID,Indonesia,Maluku,0.59,0.11,0.27
922,ID,Indonesia,North Maluku,0.49,0.11,0.23
923,ID,Indonesia,West Nusa Tenggara,0.77,-0.01,-0.06
924,ID,Indonesia,East Nusa Tenggara,0.77,0.06,0.24
925,ID,Indonesia,Papua,0.51,0.11,0.23
926,ID,Indonesia,West Papua,0.62,0.26,0.69
927,ID,Indonesia,Riau,0.55,0.09,0.20
928,ID,Indonesia,Riau Islands,0.71,0.03,0.09
929,ID,Indonesia,West Sulawesi,0.61,0.04,0.10
930,ID,Indonesia,South Sulawesi,0.72,0.05,0.16
931,ID,Indonesia,Central Sulawesi,0.65,0.14,0.40
932,ID,Indonesia,Southeast Sulawesi,0.76,0.03,0.14
933,ID,Indonesia,North Sulawesi,0.76,0.03,0.12
934,ID,Indonesia,West Sumatera,0.53,0.08,0.17
935,ID,Indonesia,South Sumatera,0.67,0.05,0.14
936,ID,Indonesia,North Sumatera,0.61,0.09,0.22
937,JO,Jordan,Ajloun,0.80,0.02,0.11
938,JO,Jordan,Amman,0.79,0.01,0.03
939,JO,Jordan,Aqaba,0.72,0.03,0.09
940,JO,Jordan,Balqa,0.76,-0.01,-0.03
941,JO,Jordan,Irbid,0.75,-0.01,-0.05
942,JO,Jordan,Jarash,0.80,-0.01,-0.06
943,JO,Jordan,Karak,0.76,0.00,-0.02
944,JO,Jordan,Ma'an,0.64,0.11,0.30
945,JO,Jordan,Madaba,0.74,0.02,0.07
946,JO,Jordan,Mafraq,0.72,-0.05,-0.17
947,JO,Jordan,Tafiela,0.81,0.03,0.16
948,JO,Jordan,Zarqa,0.84,-0.01,-0.04
949,KE,Kenya,Baringo,0.75,0.06,0.25
950,KE,Kenya,Bomet,0.85,0.08,0.54
951,KE,Kenya,Bungoma,0.75,0.00,-0.01
952,KE,Kenya,Busia,0.73,0.00,-0.01
953,KE,Kenya,Elgeyo Marakwet,0.87,0.05,0.37
954,KE,Kenya,Embu,0.84,0.00,-0.03
955,KE,Kenya,Garissa,0.51,0.00,-0.01
956,KE,Kenya,Homa Bay,0.57,0.01,0.02
957,KE,Kenya,Isiolo,0.79,-0.03,-0.15
958,KE,Kenya,Kajiado,0.51,0.02,0.04
959,KE,Kenya,Kakamega,0.67,-0.01,-0.04
960,KE,Kenya,Kericho,0.66,0.01,0.03
961,KE,Kenya,Kiambu,0.79,0.01,0.06
962,KE,Kenya,Kilifi,0.76,-0.01,-0.05
963,KE,Kenya,Kirinyaga,0.70,0.06,0.19
964,KE,Kenya,Kisii,0.83,0.03,0.15
965,KE,Kenya,Kisumu,0.76,0.05,0.21
966,KE,Kenya,Kitui,0.70,0.09,0.30
967,KE,Kenya,Kwale,0.83,0.04,0.25
968,KE,Kenya,Laikipia,0.77,0.08,0.36
969,KE,Kenya,Lamu,0.66,-0.03,-0.10
970,KE,Kenya,Machakos,0.89,0.01,0.10
971,KE,Kenya,Makueni,0.86,0.03,0.21
972,KE,Kenya,Mandera,0.28,0.14,0.19
973,KE,Kenya,Marsabit,0.73,0.07,0.25
974,KE,Kenya,Meru,0.82,0.02,0.12
975,KE,Kenya,Migori,0.40,-0.09,-0.15
976,KE,Kenya,Mombasa,0.72,-0.05,-0.19
977,KE,Kenya,Murang'a,0.76,0.06,0.24
978,KE,Kenya,Nairobi,0.71,0.01,0.04
979,KE,Kenya,Nakuru,0.79,0.01,0.03
980,KE,Kenya,Nandi,0.93,0.02,0.34
981,KE,Kenya,Narok,0.66,0.06,0.19
982,KE,Kenya,Nyamira,0.90,0.03,0.29
983,KE,Kenya,Nyandarua,0.79,0.03,0.14
984,KE,Kenya,Nyeri,0.72,0.02,0.06
985,KE,Kenya,Samburu,0.64,0.13,0.37
986,KE,Kenya,Siaya,0.71,-0.01,-0.04
987,KE,Kenya,Taita Taveta,0.83,0.08,0.44
988,KE,Kenya,Tana River,0.63,-0.03,-0.07
989,KE,Kenya,Tharaka-Nithi,0.89,-0.01,-0.08
990,KE,Kenya,Trans-Nzoia,0.63,0.02,0.04
991,KE,Kenya,Turkana,0.55,0.00,0.00
992,KE,Kenya,Uasin Gishu,0.72,0.00,0.00
993,KE,Kenya,Vihiga,0.91,0.01,0.10
994,KE,Kenya,Wajir,0.42,0.08,0.14
995,KE,Kenya,West Pokot,0.37,0.04,0.07
996,LS,Lesotho,Butha-Buthe,0.68,0.08,0.26
997,LS,Lesotho,Mafeteng,0.77,0.00,-0.01
998,LS,Lesotho,Leribe,0.71,-0.01,-0.03
999,LS,Lesotho,Mokhotlong,0.50,0.02,0.04
1000,LS,Lesotho,Thaba-Tseka,0.66,0.05,0.13
1001,LS,Lesotho,Maseru,0.69,0.00,-0.01
1002,LS,Lesotho,Berea,0.74,0.05,0.18
1003,LS,Lesotho,Mohale's Hoek,0.64,0.00,0.01
1004,LS,Lesotho,Qacha's Nek,0.73,0.05,0.19
1005,LS,Lesotho,Quthing,0.63,0.00,-0.01
1006,LB,Liberia,Bomi,0.57,-0.04,-0.10
1007,LB,Liberia,Bong,0.44,0.04,0.07
1008,LB,Liberia,Gbarpolu,0.47,0.13,0.25
1009,LB,Liberia,Grand Bassa,0.34,0.18,0.27
1010,LB,Liberia,Grand Cape Mount,0.56,-0.02,-0.04
1011,LB,Liberia,Grand Gedeh,0.42,0.13,0.23
1012,LB,Liberia,Grand Kru,0.49,0.10,0.20
1013,LB,Liberia,Lofa,0.64,-0.02,-0.06
1014,LB,Liberia,Margibi,0.33,0.13,0.19
1015,LB,Liberia,Maryland,0.53,0.21,0.44
1016,LB,Liberia,Montserrado Incl. Monrovia,0.50,0.06,0.11
1017,LB,Liberia,Nimba,0.50,0.01,0.01
1018,LB,Liberia,River Cess,0.39,-0.02,-0.03
1019,LB,Liberia,River Gee,0.43,0.06,0.10
1020,LB,Liberia,Sinoe,0.29,0.21,0.30
1021,MW,Malawi,Chitipa,0.78,0.04,0.18
1022,MW,Malawi,Karonga,0.82,0.04,0.24
1023,MW,Malawi,Rumphi,0.82,0.04,0.22
1024,MW,Malawi,Mzimba,0.77,0.03,0.11
1025,MW,Malawi,Kasungu,0.77,-0.02,-0.11
1026,MW,Malawi,Nkhotakota,0.69,0.00,0.00
1027,MW,Malawi,Ntchisi,0.67,0.03,0.08
1028,MW,Malawi,Dowa,0.75,0.02,0.08
1029,MW,Malawi,Salima,0.80,0.01,0.07
1030,MW,Malawi,Lilongwe,0.76,0.04,0.17
1031,MW,Malawi,Mchinji,0.75,0.01,0.04
1032,MW,Malawi,Dedza,0.72,0.09,0.32
1033,MW,Malawi,Ntcheu,0.73,0.04,0.15
1034,MW,Malawi,Mangochi,0.73,0.04,0.13
1035,MW,Malawi,Machinga,0.67,0.02,0.07
1036,MW,Malawi,Zomba,0.75,0.02,0.07
1037,MW,Malawi,Chiradzulu,0.81,0.00,0.00
1038,MW,Malawi,Blantyre,0.60,-0.06,-0.15
1039,MW,Malawi,Mwanza,0.89,0.03,0.30
1040,MW,Malawi,Thyolo,0.77,0.02,0.08
1041,MW,Malawi,Mulanje,0.76,-0.02,-0.09
1042,MW,Malawi,Phalombe,0.75,0.03,0.10
1043,MW,Malawi,Chikwawa,0.68,0.05,0.14
1044,MW,Malawi,Nsanje,0.66,-0.01,-0.04
1045,MW,Malawi,Balaka,0.71,0.05,0.18
1046,MW,Malawi,Neno,0.83,0.01,0.05
1047,MW,Malawi,Nkhata Bay,0.67,0.03,0.10
1048,MW,Malawi,Likoma,0.83,-0.05,-0.30
1049,MV,Maldives,Male,0.81,-0.02,-0.08
1050,MV,Maldives,North,0.78,0.03,0.14
1051,MV,Maldives,North Central,0.76,0.02,0.07
1052,MV,Maldives,Central,0.81,0.01,0.07
1053,MV,Maldives,South Central,0.75,0.03,0.10
1054,MV,Maldives,South,0.70,-0.04,-0.12
1055,ML,Mali,Kayes,0.36,0.11,0.18
1056,ML,Mali,Koulikoro,0.41,0.03,0.04
1057,ML,Mali,Sikasso,0.41,0.01,0.01
1058,ML,Mali,Segou,0.46,-0.04,-0.07
1059,ML,Mali,Mopti,0.40,0.04,0.07
1060,ML,Mali,Tombouctou,0.33,-0.03,-0.05
1061,ML,Mali,Gao,0.22,0.12,0.16
1062,ML,Mali,Kidal,0.00,0.00,0.00
1063,ML,Mali,Bamako,0.46,0.10,0.18
1064,MM,Myanmar,Ayeyarwaddy,0.39,-0.03,-0.05
1065,MM,Myanmar,Bago,0.50,0.15,0.30
1066,MM,Myanmar,Chin,0.55,0.09,0.20
1067,MM,Myanmar,Kachin,0.69,0.08,0.26
1068,MM,Myanmar,Kayah,0.80,0.06,0.32
1069,MM,Myanmar,Kayin,0.62,0.19,0.50
1070,MM,Myanmar,Magway,0.64,0.07,0.19
1071,MM,Myanmar,Mandalay,0.83,0.00,0.02
1072,MM,Myanmar,Mon,0.68,0.01,0.03
1073,MM,Myanmar,Naypyitaw,0.47,0.25,0.48
1074,MM,Myanmar,Rakhine,0.41,0.13,0.22
1075,MM,Myanmar,Sagaing,0.68,0.04,0.12
1076,MM,Myanmar,Shan,0.54,0.08,0.18
1077,MM,Myanmar,Taninthayi,0.51,0.16,0.33
1078,MM,Myanmar,Yangon,0.75,0.06,0.23
1079,NP,Nepal,Province 1,0.81,0.00,0.02
1080,NP,Nepal,Province 2,0.69,0.03,0.10
1081,NP,Nepal,Province 3,0.77,0.01,0.04
1082,NP,Nepal,Province 4,0.94,0.02,0.27
1083,NP,Nepal,Province 5,0.83,0.01,0.04
1084,NP,Nepal,Province 6,0.78,0.01,0.07
1085,NP,Nepal,Province 7,0.83,0.03,0.19
1086,NG,Nigeria,Sokoto,0.04,0.30,0.31
1087,NG,Nigeria,Zamfara,0.08,0.40,0.44
1088,NG,Nigeria,Katsina,0.18,0.17,0.21
1089,NG,Nigeria,Jigawa,0.19,0.12,0.15
1090,NG,Nigeria,Yobe,0.18,0.27,0.34
1091,NG,Nigeria,Borno,0.22,0.24,0.31
1092,NG,Nigeria,Adamawa,0.32,0.04,0.05
1093,NG,Nigeria,Gombe,0.21,0.32,0.40
1094,NG,Nigeria,Bauchi,0.20,0.25,0.31
1095,NG,Nigeria,Kano,0.27,0.21,0.28
1096,NG,Nigeria,Kaduna,0.20,0.26,0.32
1097,NG,Nigeria,Kebbi,0.05,0.27,0.28
1098,NG,Nigeria,Niger,0.21,0.33,0.42
1099,NG,Nigeria,Fct-Abuja,0.47,0.11,0.22
1100,NG,Nigeria,Nasarawa,0.31,0.14,0.21
1101,NG,Nigeria,Plateau,0.44,0.15,0.26
1102,NG,Nigeria,Taraba,0.24,0.14,0.19
1103,NG,Nigeria,Benue,0.27,0.18,0.24
1104,NG,Nigeria,Kogi,0.29,0.16,0.22
1105,NG,Nigeria,Kwara,0.31,0.42,0.60
1106,NG,Nigeria,Oyo,0.19,0.22,0.27
1107,NG,Nigeria,Osun,0.32,0.02,0.02
1108,NG,Nigeria,Ekiti,0.41,0.20,0.34
1109,NG,Nigeria,Ondo,0.55,0.20,0.44
1110,NG,Nigeria,Edo,0.58,0.08,0.19
1111,NG,Nigeria,Anambra,0.75,0.10,0.42
1112,NG,Nigeria,Enugu,0.37,0.10,0.16
1113,NG,Nigeria,Ebonyi,0.47,0.09,0.17
1114,NG,Nigeria,Cross River,0.47,0.08,0.16
1115,NG,Nigeria,Akwa Ibom,0.39,0.10,0.17
1116,NG,Nigeria,Abia,0.33,0.06,0.08
1117,NG,Nigeria,Imo,0.60,0.16,0.39
1118,NG,Nigeria,Rivers,0.41,0.16,0.27
1119,NG,Nigeria,Bayelsa,0.14,0.21,0.24
1120,NG,Nigeria,Delta,0.49,0.10,0.20
1121,NG,Nigeria,Lagos,0.59,0.09,0.22
1122,NG,Nigeria,Ogun,0.26,0.42,0.57
1123,PK,Pakistan,"Azad, Jammu And Kashmir",0.77,0.05,0.21
1124,PK,Pakistan,Balochistan,0.33,0.20,0.31
1125,PK,Pakistan,Federally Administered Tribal Areas,0.30,0.06,0.09
1126,PK,Pakistan,Islamabad (Ict),0.74,0.04,0.14
1127,PK,Pakistan,Gilgit Baltistan,0.72,0.05,0.17
1128,PK,Pakistan,Khyber Pakhtunkhwa,0.55,0.16,0.35
1129,PK,Pakistan,Punjab Excluding Islamabad (Ict),0.80,0.04,0.19
1130,PK,Pakistan,"Sindh
Sindh
Sindh",0.53,0.19,0.40
1131,PH,Philippines,Ilocos,0.69,0.04,0.12
1132,PH,Philippines,Cagayan Valley,0.65,0.03,0.10
1133,PH,Philippines,Central Luzon,0.64,0.08,0.22
1134,PH,Philippines,Bicol,0.73,0.01,0.04
1135,PH,Philippines,Western Visayas,0.66,0.14,0.41
1136,PH,Philippines,Central Visayas,0.75,-0.05,-0.18
1137,PH,Philippines,Eastern Visayas,0.79,0.00,0.01
1138,PH,Philippines,Zamboanga Peninsula,0.58,0.08,0.20
1139,PH,Philippines,Northern Mindanao,0.68,0.06,0.19
1140,PH,Philippines,Davao Peninsula,0.85,0.03,0.17
1141,PH,Philippines,Soccsksargen,0.43,0.19,0.33
1142,PH,Philippines,Caraga,0.75,0.07,0.27
1143,PH,Philippines,National Capital Region,0.72,0.02,0.07
1144,PH,Philippines,Cordillera Admin Region,0.76,0.09,0.36
1145,PH,Philippines,Armm,0.20,0.09,0.11
1146,PH,Philippines,Calabarzon,0.73,0.00,0.01
1147,PH,Philippines,Mimaropa,0.60,0.09,0.23
1148,RW,Rwanda,Bugesera,0.76,-0.03,-0.13
1149,RW,Rwanda,Burera,0.68,0.06,0.17
1150,RW,Rwanda,Gakenke,0.48,-0.06,-0.12
1151,RW,Rwanda,Gasabo,0.48,0.09,0.17
1152,RW,Rwanda,Gatsibo,0.34,0.16,0.25
1153,RW,Rwanda,Gicumbi,0.53,0.05,0.10
1154,RW,Rwanda,Gisagara,0.21,0.24,0.30
1155,RW,Rwanda,Huye,0.21,0.18,0.22
1156,RW,Rwanda,Kamonyi,0.36,0.04,0.06
1157,RW,Rwanda,Karongi,0.38,-0.17,-0.28
1158,RW,Rwanda,Kayonza,0.64,-0.03,-0.07
1159,RW,Rwanda,Kicukiro,0.51,-0.02,-0.04
1160,RW,Rwanda,Kirehe,0.41,-0.01,-0.02
1161,RW,Rwanda,Muhanga,0.23,0.07,0.09
1162,RW,Rwanda,Musanze,0.69,0.03,0.11
1163,RW,Rwanda,Ngoma,0.25,0.31,0.42
1164,RW,Rwanda,Ngororero,0.73,0.08,0.30
1165,RW,Rwanda,Nyabihu,0.03,0.38,0.39
1166,RW,Rwanda,Nyagatare,0.31,-0.18,-0.26
1167,RW,Rwanda,Nyamagabe,0.89,-0.02,-0.17
1168,RW,Rwanda,Nyamasheke,0.66,-0.02,-0.07
1169,RW,Rwanda,Nyanza,0.91,0.02,0.18
1170,RW,Rwanda,Nyarugenge,0.36,0.08,0.13
1171,RW,Rwanda,Nyaruguru,0.16,0.15,0.18
1172,RW,Rwanda,Rubavu,0.07,-0.16,-0.17
1173,RW,Rwanda,Ruhango,0.37,-0.06,-0.10
1174,RW,Rwanda,Rulindo,0.24,0.20,0.26
1175,RW,Rwanda,Rusizi,0.38,0.08,0.13
1176,RW,Rwanda,Rutsiro,0.11,0.06,0.06
1177,RW,Rwanda,Rwamagana,0.24,0.17,0.22
1178,SL,Sierra Leone,Bo,0.66,-0.03,-0.09
1179,SL,Sierra Leone,Bombali,0.54,0.01,0.03
1180,SL,Sierra Leone,Bonthe,0.60,-0.01,-0.02
1181,SL,Sierra Leone,Falaba,0.56,-0.01,-0.02
1182,SL,Sierra Leone,Kailahun,0.61,0.08,0.21
1183,SL,Sierra Leone,Kambia,0.41,0.05,0.08
1184,SL,Sierra Leone,Karene,0.46,0.08,0.15
1185,SL,Sierra Leone,Kenema,0.62,0.03,0.08
1186,SL,Sierra Leone,Koinadugu,0.52,0.06,0.13
1187,SL,Sierra Leone,Kono,0.59,-0.01,-0.03
1188,SL,Sierra Leone,Moyamba,0.63,0.01,0.02
1189,SL,Sierra Leone,Port Loko,0.41,-0.04,-0.07
1190,SL,Sierra Leone,Pujehun,0.61,0.03,0.07
1191,SL,Sierra Leone,Tonkolili,0.46,0.01,0.03
1192,SL,Sierra Leone,Western Area Rural,0.48,0.03,0.06
1193,SL,Sierra Leone,Western Area Urban,0.47,0.08,0.14
1194,ZA,South Africa,Eastern Cape,0.68,-0.04,-0.13
1195,ZA,South Africa,Free State,0.74,0.04,0.15
1196,ZA,South Africa,Gauteng,0.50,0.06,0.12
1197,ZA,South Africa,Kwazulu Natal,0.58,-0.01,-0.02
1198,ZA,South Africa,Limpopo,0.63,-0.07,-0.20
1199,ZA,South Africa,Mpumalanga,0.64,0.01,0.02
1200,ZA,South Africa,North West,0.51,-0.04,-0.07
1201,ZA,South Africa,Northern Cape,0.68,0.03,0.09
1202,ZA,South Africa,Western Cape,0.63,-0.02,-0.05
1203,TJ,Tajikistan,Dushanbe,0.66,NA,NA
1204,TJ,Tajikistan,Gbao,0.61,NA,NA
1205,TJ,Tajikistan,Khatlon,0.84,NA,NA
1206,TJ,Tajikistan,Sughd,0.89,NA,NA
1207,TJ,Tajikistan,Drs,0.65,NA,NA
1208,TZ,Tanzania,Dodoma,0.83,-0.02,-0.11
1209,TZ,Tanzania,Arusha,0.83,0.05,0.29
1210,TZ,Tanzania,Kilimanjaro,0.93,-0.01,-0.08
1211,TZ,Tanzania,Tanga,0.77,0.04,0.20
1212,TZ,Tanzania,Morogoro,0.81,0.05,0.26
1213,TZ,Tanzania,Pwani,0.78,0.04,0.18
1214,TZ,Tanzania,Dar Es Salaam,0.82,-0.01,-0.08
1215,TZ,Tanzania,Lindi,0.77,0.09,0.37
1216,TZ,Tanzania,Mtwara,0.83,0.02,0.12
1217,TZ,Tanzania,Ruvuma,0.77,0.05,0.21
1218,TZ,Tanzania,Iringa,0.82,0.03,0.17
1219,TZ,Tanzania,Mbeya,0.66,0.03,0.09
1220,TZ,Tanzania,Singida,0.75,0.05,0.21
1221,TZ,Tanzania,Tabora,0.55,0.13,0.28
1222,TZ,Tanzania,Rukwa,0.73,0.01,0.03
1223,TZ,Tanzania,Kigoma,0.75,0.06,0.23
1224,TZ,Tanzania,Shinyanga,0.65,-0.03,-0.08
1225,TZ,Tanzania,Kagera,0.90,0.03,0.28
1226,TZ,Tanzania,Mwanza,0.62,0.08,0.21
1227,TZ,Tanzania,Mara,0.71,0.05,0.16
1228,TZ,Tanzania,Manyara,0.87,0.01,0.07
1229,TZ,Tanzania,Njombe,0.82,-0.01,-0.05
1230,TZ,Tanzania,Katavi,0.58,0.14,0.34
1231,TZ,Tanzania,Simiyu,0.71,0.03,0.10
1232,TZ,Tanzania,Geita,0.62,0.03,0.07
1233,TZ,Tanzania,Kaskazini Unguja,0.89,0.01,0.07
1234,TZ,Tanzania,Kusini Unguja,0.84,0.04,0.24
1235,TZ,Tanzania,Mjini Magharibi,0.79,-0.04,-0.19
1236,TZ,Tanzania,Kaskazini Pemba,0.80,0.04,0.18
1237,TZ,Tanzania,Kusini Pemba,0.81,0.02,0.10
1238,TL,Timor-Leste,Aileu,0.57,-0.03,-0.08
1239,TL,Timor-Leste,Ainaro,0.30,0.15,0.21
1240,TL,Timor-Leste,Baucau,0.64,0.04,0.11
1241,TL,Timor-Leste,Bobonaro,0.46,0.07,0.13
1242,TL,Timor-Leste,Cova Lima,0.42,0.23,0.40
1243,TL,Timor-Leste,Dili,0.49,0.02,0.04
1244,TL,Timor-Leste,Ermera,0.26,0.11,0.15
1245,TL,Timor-Leste,Liquica,0.48,0.02,0.05
1246,TL,Timor-Leste,Lautem,0.54,0.05,0.12
1247,TL,Timor-Leste,Manufahi,0.29,0.22,0.30
1248,TL,Timor-Leste,Manatuto,0.57,0.11,0.25
1249,TL,Timor-Leste,Oecussi,0.39,0.06,0.10
1250,TL,Timor-Leste,Viqueque,0.46,0.05,0.09
1251,UG,Uganda,Acholi,0.62,0.01,0.03
1252,UG,Uganda,Ankole,0.64,0.02,0.05
1253,UG,Uganda,Bugishu,0.44,0.02,0.04
1254,UG,Uganda,Bukedi,0.52,0.07,0.14
1255,UG,Uganda,Bunyoro,0.64,0.03,0.09
1256,UG,Uganda,Busoga,0.49,0.05,0.09
1257,UG,Uganda,Central 1,0.45,-0.05,-0.09
1258,UG,Uganda,Central 2,0.46,0.10,0.19
1259,UG,Uganda,Kampala,0.48,0.03,0.06
1260,UG,Uganda,Karamoja,0.68,-0.01,-0.02
1261,UG,Uganda,Kigezi,0.69,0.01,0.05
1262,UG,Uganda,Lango,0.47,0.05,0.10
1263,UG,Uganda,Teso,0.64,0.06,0.16
1264,UG,Uganda,Tooro,0.54,0.00,0.00
1265,UG,Uganda,West Nile,0.63,0.04,0.10
1266,ZM,Zambia,Central,0.75,0.05,0.20
1267,ZM,Zambia,Copperbelt,0.81,0.00,0.01
1268,ZM,Zambia,Eastern,0.79,0.00,0.00
1269,ZM,Zambia,Luapula,0.65,0.06,0.17
1270,ZM,Zambia,Lusaka,0.76,0.00,-0.02
1271,ZM,Zambia,Muchinga,0.66,0.07,0.21
1272,ZM,Zambia,North Western,0.74,-0.02,-0.09
1273,ZM,Zambia,Northern,0.78,0.05,0.21
1274,ZM,Zambia,Southern,0.71,-0.03,-0.10
1275,ZM,Zambia,Western,0.64,0.03,0.09
1276,ZW,Zimbabwe,Manicaland,0.70,0.06,0.20
1277,ZW,Zimbabwe,Mashonaland Central,0.76,0.05,0.22
1278,ZW,Zimbabwe,Mashonaland East,0.85,0.03,0.23
1279,ZW,Zimbabwe,Mashonaland West,0.72,0.02,0.06
1280,ZW,Zimbabwe,Matabeleland North,0.92,0.00,-0.05
1281,ZW,Zimbabwe,Matabeleland South,0.81,0.02,0.12
1282,ZW,Zimbabwe,Midlands,0.68,-0.01,-0.03
1283,ZW,Zimbabwe,Masvingo,0.73,0.02,0.08
1284,ZW,Zimbabwe,Harare Chitungwiza,0.79,0.02,0.09
1285,ZW,Zimbabwe,Bulawayo,0.86,0.01,0.08
